<?xml version="1.0" encoding="UTF-8"?>

<!DOCTYPE mapper
  PUBLIC "-//mybatis.org//DTD Mapper 3.0//EN"
  "http://mybatis.org/dtd/mybatis-3-mapper.dtd">
  
<mapper namespace="com.kitri.cafe.board.dao.ReboardDao">

	<insert id="writeArticle" parameterType="reboardDto">
	insert all
		into board (seq, id, name, email, subject, content, hit, logtime, bcode)
		values (#{seq}, #{id}, #{name}, #{email}, #{subject}, #{content}, 0, sysdate, #{bcode})
		into reboard (rseq, seq, ref, lev, step, pseq, reply)
		values (reboard_rseq.nextval, #{seq}, #{ref}, 0, 0, 0, 0)
	select * from dual
	</insert>
	
	<select id="viewArticle" parameterType="int" resultType="reboardDto">
	select b.seq, b.id, b.name, b.email, b.subject, b.content, b.hit, b.logtime, b.bcode,
			r.rseq, r.ref, r.lev, r.step, r.pseq, r.reply
	from board b, reboard r
	where b.seq = r.seq
	and b.seq = #{seq}
	</select>
	
	<select id="listArticle" parameterType="map" resultType="reboardDto">
	select c.seq, c.id, c.name, c.email, c.subject, c.content, c.hit, c.bcode, 
         	decode(to_char(c.logtime, 'yymmdd'), 
                        to_char(sysdate, 'yymmdd') , to_char(c.logtime, 'hh24:mi:ss'),
                        to_char(c.logtime, 'yy.mm.dd')) logtime,
         	c.rseq, c.ref, c.lev, c.step, c.pseq, c.reply
	from (
        select rownum rn, total.*
        from (
                select b.seq, b.id, b.name, b.email, b.subject, b.content, b.hit, b.bcode, b.logtime,
                        r.rseq, r.ref, r.lev, r.step, r.pseq, r.reply
                from board b, reboard r
                where b.seq = r.seq
                and b.bcode = #{bcode}
                <if test="word != null and word != ''">
                	<if test="key == 'subject'">
                	and b.subject like '%'||#{word}||'%'
                	</if>
                	<if test="key != 'subject'">
                	and b.${key} = #{word}
                	</if>
                </if>
                order by ref desc, step
                ) total
        where rownum &lt;= #{end}
        ) c
	where c.rn &gt; #{start}
	</select>
	
	<update id="updateStep" parameterType="reboardDto">
	update reboard
	set step = step + 1
	where ref = #{ref}
	and step > #{step}
	</update>
	
	<insert id="replyArticle" parameterType="reboardDto">
	insert all
		into board (seq, id, name, email, subject, content, hit, logtime, bcode)
		values (#{seq}, #{id}, #{name}, #{email}, #{subject}, #{content}, 0, sysdate, #{bcode})
		into reboard (rseq, seq, ref, lev, step, pseq, reply)
		values (reboard_rseq.nextval, #{seq}, #{ref}, #{lev} + 1, #{step} + 1, #{pseq}, 0)
	select * from dual
	</insert>
	
	<update id="updateReply" parameterType="int">
	update reboard
	set reply = reply + 1
	where seq = #{pseq}
	</update>

</mapper>






















