<?xml version="1.0" encoding="UTF-8"?>
<beans xmlns="http://www.springframework.org/schema/beans"
	xmlns:xsi="http://www.w3.org/2001/XMLSchema-instance"
	xmlns:tx="http://www.springframework.org/schema/tx"
	xsi:schemaLocation="http://www.springframework.org/schema/beans https://www.springframework.org/schema/beans/spring-beans.xsd
		http://www.springframework.org/schema/tx http://www.springframework.org/schema/tx/spring-tx-4.3.xsd">
	
	<!-- Root Context: defines shared resources visible to all other web components -->
	<!-- <bean id="dataSource" class="org.springframework.jdbc.datasource.SimpleDriverDataSource">
		<property name="driverClass" value="oracle.jdbc.driver.OracleDriver"/>
		<property name="url" value="jdbc:oracle:thin:@192.168.14.52:1521:orcl"/>
		<property name="username" value="kitri"/>
		<property name="password" value="kitri"/>
	</bean>	 -->
	<bean id="dataSource" class="org.springframework.jndi.JndiObjectFactoryBean">
		<property name="jndiName" value="java:comp/env/jdbc/cafe"/>
	</bean>
	
	<bean id="sqlSessionFactoryBean" class="org.mybatis.spring.SqlSessionFactoryBean">
		<property name="dataSource" ref="dataSource"/>
		<property name="configLocation" value="/WEB-INF/mybatis/configuration.xml"/>
		<property name="mapperLocations">
			<list>
				<value>/WEB-INF/mybatis/mapper_common.xml</value>
				<value>/WEB-INF/mybatis/mapper_admin_board.xml</value>
				<value>/WEB-INF/mybatis/mapper_reboard.xml</value>
				<value>/WEB-INF/mybatis/mapper_album.xml</value>
				<value>/WEB-INF/mybatis/mapper_memo.xml</value>
			</list>
		</property>
	</bean>
	
	<bean id="sqlSession" class="org.mybatis.spring.SqlSessionTemplate">
		<constructor-arg ref="sqlSessionFactoryBean"/>
	</bean>
	
	<bean id="txManager" class="org.springframework.jdbc.datasource.DataSourceTransactionManager">
		<property name="dataSource" ref="dataSource"/>
	</bean>
		
	<tx:annotation-driven transaction-manager="txManager"/>
		
</beans>





















